leibie,danceability,energy,valence,tempo,loudness,mode,key,acousticness,instrumentalness,liveness,speechiness,duration_ms
country,0.576428952,0.537981355,0.586782989,121.9136267,-9.77806958,0.985119048,5.863095238,0.400370782,0.031937846,0.181682083,0.047281847,210759.3123
jazz,0.540619802,0.384328292,0.528758666,112.8793799,-13.98376789,0.696428571,5.077380952,0.640497344,0.387948467,0.171687321,0.057353331,275587.7283
latin,0.603110566,0.545438915,0.667787624,117.9359185,-9.882736814,0.827380952,5.386904762,0.485527364,0.064012437,0.179869018,0.055592812,213404.8436
pop\rock,0.478870165,0.655289697,0.449706666,123.6229519,-9.601891719,0.824404762,5.383928571,0.199414799,0.185630865,0.207673651,0.056261557,322949.1346
R&B,0.647704673,0.574298651,0.596226963,115.5091848,-9.695795767,0.669642857,5.62202381,0.26234036,0.049699028,0.168414901,0.07431625,293795.4148
Vocal,0.551259342,0.429851069,0.506461414,112.439758,-11.35170401,0.788690476,5.30952381,0.540249641,0.036894094,0.198861503,0.073372866,232105.6583
